BusinessTravel,MaritalStatus,OverTime,JobRole,TotalWorkingYears,JobLevel,YearsInCurrentRole,MonthlyIncome,Age,Attrition
2,2,1,7,8,2,4,5993,41,1
2,0,0,6,10,2,7,5130,49,0
2,2,1,8,7,1,0,2090,37,1
2,0,1,6,8,1,7,2909,33,0
2,0,0,8,6,1,2,3468,27,0
2,2,0,8,8,1,7,3068,32,0
2,0,1,8,12,1,0,2670,59,0
2,2,0,8,1,1,0,2693,30,0
2,2,0,3,10,3,7,9526,38,0
2,0,0,2,17,2,7,5237,36,0
2,0,0,8,6,1,4,2426,35,0
2,2,1,8,10,2,5,4193,29,0
2,2,0,6,5,1,2,2911,31,0
2,2,0,8,3,1,2,2661,34,0
2,2,1,8,6,1,2,2028,28,1
2,2,0,3,10,3,9,9980,29,0
2,2,1,6,7,1,2,3298,32,0
0,2,1,8,1,1,0,2935,22,0
2,0,0,1,31,4,8,15427,53,0
2,2,1,6,6,1,2,3944,38,0
0,2,0,3,5,2,2,4011,24,0
2,2,0,5,10,1,3,3407,36,1
2,2,0,0,13,3,6,11994,34,0
2,2,0,6,0,1,0,1232,21,0
2,2,0,6,8,1,2,2960,34,1
2,2,0,1,26,5,13,19094,53,0
2,2,1,6,10,1,2,3919,32,1
2,0,0,7,10,2,7,6825,42,0
2,0,0,2,24,3,6,10248,44,0
2,2,0,1,22,5,2,18947,46,0
2,2,0,8,7,1,1,2496,33,0
2,0,1,2,9,2,2,6465,44,0
2,2,0,8,10,1,0,2206,30,0
2,0,0,5,19,2,0,2086,39,1
2,0,1,6,6,1,0,2293,24,1
2,2,0,6,6,1,3,2645,43,0
2,0,1,5,3,1,2,2683,50,1
2,0,0,5,2,1,2,2014,35,0
2,0,1,6,6,1,1,3419,36,0
2,0,0,7,10,2,3,5376,33,0
2,2,0,8,1,1,0,1951,35,0
2,2,0,8,1,1,0,2341,27,0
2,2,0,8,1,1,0,2293,26,1
2,2,0,7,9,3,8,8726,27,0
2,2,0,8,12,2,8,4011,30,0
2,0,0,0,23,5,15,19545,41,1
0,2,0,7,10,2,5,4568,34,0
2,0,0,6,8,1,0,3022,37,0
2,2,1,7,14,2,6,5772,46,0
2,0,0,8,1,1,0,2269,35,0
2,2,1,8,23,3,0,5381,48,1
2,2,1,8,2,1,2,3441,28,1
2,2,1,7,9,2,3,5454,44,0
0,0,1,2,10,3,0,9884,35,0
2,0,1,7,5,2,2,4157,26,0
2,2,1,0,15,3,14,13458,33,0
2,0,0,7,9,3,8,9069,35,0
2,0,1,8,4,1,2,4014,35,0
2,2,0,8,10,2,7,5915,31,0
2,2,0,3,7,2,5,5993,37,0
2,0,1,3,9,2,8,6162,32,0
2,2,0,8,10,2,3,2406,38,0
2,2,1,0,29,5,3,18740,50,0
2,2,0,7,28,3,16,7637,59,0
2,2,0,2,17,3,14,10096,36,0
2,2,1,1,21,4,0,14756,55,0
2,2,0,3,6,2,5,6499,36,0
2,2,0,6,25,3,0,9724,45,0
2,0,0,6,5,1,2,2194,35,0
2,0,1,6,2,1,0,3388,36,1
2,2,0,7,20,2,3,5473,59,0
2,0,0,6,6,1,4,2703,29,0
2,2,0,6,1,1,1,2501,31,0
2,0,0,6,10,2,4,6220,32,0
2,0,0,8,5,1,0,3038,36,0
2,2,0,3,11,2,7,4424,31,0
2,2,0,7,16,2,13,4312,35,0
2,0,1,0,17,3,0,13245,45,0
2,2,0,0,16,3,2,13664,37,0
2,2,1,4,16,2,2,5021,46,0
2,0,1,8,10,2,8,5126,30,0
2,2,0,6,6,1,4,2859,35,0
2,0,0,7,24,3,0,10239,55,0
0,2,1,6,17,2,11,5329,38,0
2,0,0,3,5,2,2,4325,34,0
2,2,0,3,37,3,4,7260,56,0
2,2,0,5,3,1,0,2322,23,0
2,0,0,8,10,1,2,2075,51,0
2,0,0,2,11,2,10,4152,30,0
2,2,0,7,9,3,8,9619,46,1
2,0,0,2,22,4,3,13503,40,0
2,2,1,7,11,2,7,5441,51,0
2,2,1,7,11,2,8,5209,30,0
2,0,1,2,21,3,9,10673,46,0
2,2,0,7,12,2,8,5010,32,0
2,0,0,0,16,3,3,13549,54,0
2,0,0,7,4,2,2,4999,24,0
0,0,0,7,5,2,4,4221,28,0
2,2,0,7,38,4,10,13872,58,0
0,0,0,8,17,2,2,2042,44,0
2,2,1,4,7,1,2,2073,37,1
2,2,0,6,1,1,0,2956,32,0
2,2,1,8,1,1,0,2926,20,1
2,2,0,6,16,2,13,4809,34,0
0,2,0,2,17,2,0,5163,37,0
0,0,0,1,30,5,2,18844,59,0
2,0,1,0,28,5,3,18172,50,0
2,2,1,7,6,2,4,5744,25,1
2,0,0,6,2,1,2,2889,25,0
2,2,0,8,1,1,0,2871,22,0
2,2,0,2,23,3,12,7484,51,0
2,2,1,8,9,2,7,6074,34,1
0,2,1,1,23,4,3,17328,54,0
2,0,0,8,6,1,3,2774,24,0
2,2,0,6,12,2,0,4505,34,0
2,2,0,7,12,3,3,7428,37,0
2,2,0,1,14,3,10,11631,34,0
2,0,0,7,10,3,7,9738,36,0
2,2,0,8,7,1,0,2835,36,0
2,0,1,1,25,4,12,16959,43,0
2,2,0,6,10,1,7,2613,30,0
0,0,0,7,8,2,7,6146,33,0
2,0,1,6,7,1,4,4963,56,1
2,2,0,0,23,5,18,19537,51,0
2,0,1,7,12,2,7,6172,31,1
2,0,0,6,5,1,4,2368,26,0
2,0,0,2,40,3,10,10312,58,1
2,2,1,5,0,1,0,1675,19,1
2,0,0,8,3,1,1,2523,22,0
2,0,0,3,16,2,11,6567,49,0
2,2,0,6,18,1,2,4739,43,0
2,2,0,7,16,3,2,9208,50,0
2,0,1,7,4,2,2,4559,31,1
2,2,1,7,12,3,7,8189,41,0
2,0,0,4,8,1,7,2942,26,0
2,2,0,3,7,2,2,4941,36,0
2,2,0,3,18,3,2,10650,51,1
2,0,0,7,17,2,11,5902,39,0
2,0,0,7,6,2,2,8639,25,0
2,0,1,4,12,2,9,6347,30,0
2,2,0,8,10,1,4,4200,32,1
2,2,0,6,9,1,5,3452,45,0
2,2,1,6,19,2,2,4317,38,0
2,2,0,6,5,1,4,2632,30,0
2,2,0,7,9,2,7,4668,32,0
2,2,0,6,8,1,2,3204,30,0
2,2,0,8,6,1,3,2720,30,0
2,2,0,1,21,4,6,17181,41,0
2,0,0,8,7,1,0,2238,41,0
2,2,0,8,1,1,0,1483,19,0
2,2,0,6,20,2,7,5605,40,0
2,0,0,7,10,3,8,7295,35,0
2,0,1,5,13,2,7,2306,53,0
2,2,0,8,20,2,9,2348,45,0
2,2,0,7,9,3,8,8998,32,0
0,0,0,3,10,2,7,4319,29,0
2,0,0,3,10,2,0,6132,51,0
2,0,1,6,9,1,0,3346,58,0
2,0,0,7,15,3,11,10855,40,0
2,0,0,5,6,1,3,2231,34,0
2,0,0,6,2,1,2,2323,22,0
0,2,0,6,6,1,2,2024,27,0
2,0,0,6,5,1,2,2713,28,0
2,2,1,2,12,3,3,9439,57,0
0,2,1,6,1,1,1,2566,27,0
2,2,0,1,21,5,4,19926,50,0
2,2,0,6,13,1,8,2451,41,0
2,0,0,7,12,3,9,9419,30,0
2,2,0,7,12,2,3,8686,38,0
2,2,0,6,8,1,4,3038,32,0
2,0,1,6,6,1,2,3058,27,0
2,2,0,5,1,1,0,2325,19,1
2,2,0,8,13,1,7,2088,36,0
0,2,0,8,12,2,9,3072,30,0
2,2,1,7,9,2,4,5006,45,0
2,2,1,6,19,1,2,4257,56,0
2,2,0,6,4,1,1,2500,33,0
2,2,0,8,1,1,0,1102,19,1
2,2,0,7,24,3,13,10453,46,0
2,2,0,8,2,1,2,2288,38,0
2,0,1,6,7,1,2,3929,31,0
2,2,0,6,9,1,2,2311,34,0
2,2,1,5,4,1,3,3140,41,1
2,0,0,8,5,1,2,3690,50,0
2,2,0,3,5,2,2,4450,53,0
2,0,0,6,8,1,7,2756,33,0
2,0,0,1,21,5,8,19033,40,0
2,2,0,0,36,5,15,18722,55,0
2,0,0,3,10,2,9,9547,34,0
2,2,0,2,21,4,7,13734,51,0
2,0,0,1,34,5,18,19999,52,0
2,2,0,6,7,1,7,2279,27,0
2,0,1,3,8,2,0,5916,35,1
0,2,0,6,7,1,4,2089,43,0
0,0,0,1,22,4,8,16792,45,0
2,0,1,6,8,1,7,3564,37,0
2,2,0,8,10,2,2,4425,35,0
0,2,0,3,11,2,3,5265,42,0
2,0,0,3,14,2,0,6553,38,0
2,0,0,3,9,2,7,6261,38,0
2,0,0,3,6,2,2,4298,27,0
0,2,1,3,7,2,7,6804,49,0
2,2,1,6,5,1,3,3815,34,0
2,0,1,8,15,2,2,2741,40,0
2,0,1,2,17,2,0,6673,38,1
2,0,0,7,10,3,4,7639,29,1
2,2,1,6,4,1,2,2328,22,0
2,2,0,8,8,1,1,2153,36,0
0,0,0,2,5,2,2,4876,40,0
2,2,0,2,17,3,2,9396,46,0
2,0,0,7,14,3,8,10400,32,1
0,2,0,3,12,3,8,8474,30,0
2,2,0,7,7,2,7,9981,27,0
2,0,0,0,16,3,9,12490,51,0
2,2,1,6,8,1,2,2657,30,1
2,2,1,1,16,3,0,13591,41,0
2,2,0,7,9,2,3,6696,30,1
2,2,0,6,7,1,2,2058,29,1
0,2,0,7,23,3,7,8865,45,0
2,0,0,7,16,2,2,5940,54,0
2,2,0,8,16,2,11,5914,36,0
2,0,0,6,7,1,2,2622,33,0
2,2,1,0,10,3,8,12185,37,0
2,2,0,7,17,3,10,10609,38,0
0,0,0,3,6,2,4,4345,31,0
2,0,0,6,7,1,0,2177,59,0
2,2,0,5,13,1,8,2793,37,0
2,0,0,7,11,3,10,7918,29,0
2,2,0,7,10,3,7,8789,35,0
2,2,1,6,4,1,3,2389,29,1
2,2,0,8,6,1,2,3212,52,0
2,0,0,1,22,5,17,19232,42,0
2,0,0,4,7,1,2,2267,59,0
2,2,0,1,32,5,0,19517,50,0
2,0,1,8,8,1,4,2436,33,1
2,0,1,1,22,4,13,16064,43,0
2,0,0,8,13,1,7,2707,33,1
0,2,1,1,33,5,7,19068,52,0
2,0,0,5,6,1,3,3931,32,0
2,2,1,8,4,1,2,3730,32,1
2,2,0,8,7,1,2,2232,39,0
0,0,0,7,4,2,2,4465,32,0
2,2,0,6,17,2,0,3072,41,0
2,2,0,6,9,2,8,3319,40,0
2,0,0,1,25,5,0,19202,45,0
2,2,0,0,9,3,2,13675,31,0
2,0,0,6,2,1,2,2911,33,0
2,0,0,3,13,2,9,5957,34,0
2,0,0,6,17,1,1,3920,37,0
2,0,0,3,9,2,2,6434,45,0
2,2,0,3,17,3,0,10048,37,1
2,2,0,2,20,3,6,10938,39,0
2,2,0,6,6,1,5,2340,29,0
2,2,1,6,10,2,2,6545,42,0
2,2,0,7,10,2,2,6931,29,0
2,0,0,3,5,2,2,4898,25,0
2,2,1,8,10,1,6,2593,42,0
2,2,0,0,22,5,7,19436,40,0
2,0,0,6,1,1,0,2723,51,0
2,2,0,8,6,1,4,3479,31,1
2,0,0,8,5,1,1,2794,32,0
0,0,0,7,13,2,7,5249,38,0
2,2,0,8,9,2,2,2176,32,0
2,0,1,1,28,4,7,16872,46,0
2,2,0,8,5,1,0,3485,28,1
2,0,0,7,10,2,0,6644,29,0
2,0,0,2,10,2,0,5582,31,0
0,2,0,2,6,2,3,4000,25,0
2,0,1,2,21,4,7,13496,45,0
2,0,0,8,16,1,13,3210,36,0
2,2,1,1,37,5,10,19045,55,0
0,0,1,1,10,3,7,11849,47,1
2,0,0,6,5,1,2,2070,28,0
2,0,0,7,7,2,4,6502,37,0
2,2,0,6,3,1,2,3230,21,0
0,2,1,0,15,3,2,13603,37,0
2,2,0,1,10,3,7,11996,35,0
2,2,1,7,8,2,0,5605,38,0
2,2,0,3,6,2,5,6397,26,0
2,2,0,0,28,5,4,19144,50,0
2,0,1,0,21,4,3,17584,53,0
2,0,0,7,20,2,16,4907,42,0
2,2,0,7,10,2,7,4554,29,0
2,0,1,8,12,2,7,5415,55,0
2,0,1,2,5,2,3,4741,26,0
2,2,0,6,17,1,12,2115,37,0
2,2,1,8,19,1,0,3161,44,1
2,2,0,2,10,2,2,5745,38,0
2,2,1,8,5,1,2,2373,26,1
2,2,0,6,5,1,3,3310,28,0
2,2,1,0,22,5,2,18665,49,0
2,2,0,6,10,2,0,4485,36,0
2,2,0,5,2,1,2,2789,31,0
2,2,1,7,8,2,7,5828,26,1
2,0,1,6,4,1,2,2326,37,0
2,0,0,7,23,4,4,13525,42,0
2,2,0,8,0,1,0,1420,18,1
2,0,0,7,12,3,9,8020,35,0
2,0,0,8,4,1,0,3688,36,0
2,2,0,3,13,2,1,5482,51,0
2,2,0,1,22,4,10,16015,41,0
2,2,0,5,0,1,0,1200,18,0
2,2,0,2,9,2,3,5661,28,0
2,0,0,7,10,2,7,6929,31,0
2,2,0,2,19,3,10,9613,39,0
0,0,0,8,11,2,8,5674,36,0
2,0,0,7,13,2,8,5484,32,0
2,0,0,0,19,3,8,12061,38,0
0,2,1,2,12,2,3,5660,58,0
2,0,1,6,6,1,2,4821,31,0
2,0,0,4,9,2,2,6410,31,0
2,2,0,8,24,3,9,5210,45,0
2,2,1,6,3,1,2,2695,31,0
2,0,0,1,12,3,6,11878,33,0
2,0,1,1,21,4,9,17068,39,0
2,2,0,8,9,1,7,2455,43,0
2,2,1,2,25,4,1,13964,49,0
2,0,0,6,11,2,2,4941,52,1
2,2,1,6,4,1,3,2478,27,0
2,0,1,7,13,2,12,5228,32,0
2,2,1,7,5,2,4,4478,27,0
2,2,0,7,13,2,7,7547,31,0
2,2,0,6,10,2,7,5055,32,0
2,0,1,6,5,1,2,3464,28,1
2,0,0,6,11,2,8,5775,30,0
2,0,0,3,10,3,9,8943,31,0
2,0,0,1,21,5,9,19272,39,0
2,0,1,7,12,2,0,5238,39,1
2,2,0,7,9,2,7,4682,33,0
2,0,0,0,21,5,2,18300,47,0
2,2,0,8,9,2,7,5257,43,0
0,0,1,7,6,2,4,6349,27,0
2,2,0,6,20,2,3,4869,54,0
2,0,0,2,10,3,0,9985,43,0
2,0,0,6,12,2,9,3697,45,0
2,0,1,7,6,2,3,7457,40,0
2,0,1,8,7,1,7,2119,29,1
2,2,0,8,4,1,2,3983,29,0
2,2,0,7,10,2,9,6118,30,0
2,0,0,7,8,2,7,6214,27,0
2,2,0,3,8,2,2,6347,37,0
2,2,1,0,12,3,10,11510,38,0
2,2,1,3,11,3,9,7143,31,0
2,2,1,7,7,2,7,8268,29,0
2,2,0,3,17,3,6,8095,35,0
2,2,0,6,4,1,2,2904,23,0
2,2,1,3,8,2,4,6032,41,0
2,2,0,5,5,2,0,2976,47,0
2,2,0,0,16,4,0,15992,42,0
0,0,0,7,4,2,3,4649,29,0
2,2,1,4,4,1,2,2696,42,0
2,0,0,8,8,1,0,2370,32,0
2,0,0,1,15,3,0,12504,48,0
2,2,1,6,13,2,7,5974,37,0
0,0,1,7,4,2,2,4736,30,0
2,0,0,7,8,2,7,5296,26,0
2,2,0,2,14,2,0,6781,42,0
2,2,1,5,3,1,2,2174,21,1
0,2,0,7,7,2,0,6653,36,0
2,0,0,7,16,3,9,9699,36,0
2,0,0,2,15,2,2,6755,57,0
2,0,1,8,10,1,7,2213,40,0
0,2,0,5,3,1,2,2610,21,0
2,2,1,5,1,1,0,2851,33,1
2,0,0,8,17,1,4,3452,37,0
0,0,0,3,7,2,0,5258,46,0
2,2,0,7,8,2,7,9355,41,1
2,2,0,2,20,3,3,10496,50,0
2,0,1,7,8,2,4,6380,40,1
2,2,1,6,3,1,2,2657,31,0
2,2,0,5,1,1,0,2716,21,1
2,2,0,6,6,1,2,2201,29,0
2,2,0,2,10,2,1,6540,35,0
2,2,0,8,5,1,2,3816,27,0
2,2,0,7,7,2,5,5253,28,0
2,2,0,2,26,3,2,10965,49,0
2,0,0,7,18,2,7,4936,51,0
2,0,0,6,6,1,2,2543,36,0
0,2,1,7,9,2,2,5304,34,1
2,2,1,1,30,4,4,16659,55,0
2,2,1,7,5,2,2,4260,24,0
2,0,0,5,1,1,0,2476,30,0
2,2,0,6,7,1,4,3102,26,1
2,0,0,6,2,1,1,2244,22,0
2,0,0,7,10,3,9,7596,36,0
2,2,1,6,3,1,0,2285,30,1
2,2,0,8,18,1,7,3034,37,0
2,2,0,7,8,2,4,5715,40,0
2,2,0,8,8,1,2,2576,42,0
2,2,1,3,18,2,0,4197,37,0
2,2,0,0,25,4,10,14336,43,0
2,0,0,8,20,2,0,3448,40,0
2,0,0,0,24,5,2,19406,54,0
0,0,0,7,6,2,2,6538,34,0
2,0,0,3,13,2,10,4306,31,0
2,0,0,8,8,1,2,2258,43,0
2,2,1,2,8,2,2,4522,43,0
2,2,1,7,5,2,4,4487,25,0
0,0,1,6,15,2,11,4449,37,0
2,0,0,8,4,1,2,2218,31,0
2,2,1,1,21,5,8,19197,39,0
2,0,0,7,36,4,7,13212,56,0
2,2,0,7,6,2,4,6577,30,0
2,0,0,7,10,3,7,8392,41,0
2,2,0,8,10,2,0,4558,28,0
2,0,0,8,6,1,2,4031,25,1
2,0,1,3,28,3,4,7969,52,0
2,0,0,6,8,1,2,2654,45,0
2,0,0,1,31,4,2,16555,52,0
2,2,0,6,19,2,4,4556,42,0
2,2,0,3,11,2,4,6091,30,0
2,0,0,1,33,5,8,19566,60,0
2,2,0,3,19,2,7,4810,46,0
2,0,0,2,7,2,5,4523,42,0
2,2,1,5,6,1,3,3202,24,1
2,2,0,5,3,1,2,2351,34,1
2,0,1,8,1,1,0,1702,38,0
2,0,0,1,21,5,15,18041,40,0
2,2,0,6,3,1,2,2886,26,0
0,0,0,8,9,1,3,2097,30,0
2,0,0,0,10,3,2,11935,29,0
2,0,0,6,6,1,2,2546,29,1
2,2,0,4,1,1,0,2564,19,1
0,0,0,7,10,3,8,8412,30,0
2,2,0,1,32,4,0,14118,57,0
2,0,0,1,28,4,10,17046,50,0
0,2,0,8,12,1,7,2564,30,0
2,0,0,7,22,3,13,10266,60,0
2,2,0,3,20,2,0,5070,47,0
2,0,0,0,26,4,2,17861,46,0
2,2,0,8,6,1,4,4230,35,0
2,2,0,8,19,2,0,3780,54,0
2,2,0,6,14,1,3,2768,34,0
2,0,1,7,15,3,2,9071,46,0
2,2,0,3,13,3,8,10648,31,0
2,0,1,1,15,3,6,13610,33,1
2,2,0,8,8,1,3,3408,33,1
2,2,0,5,4,1,2,2983,30,0
2,0,1,2,10,3,7,7632,35,0
2,0,0,2,12,3,0,9824,31,1
2,2,1,4,11,3,2,9950,34,1
2,0,0,8,8,1,2,2093,42,0
0,2,0,7,10,3,3,9980,36,0
2,2,0,8,4,1,2,3894,22,1
2,0,0,7,14,2,7,4051,48,0
2,2,0,1,37,4,9,16835,55,0
0,2,0,7,16,2,3,6230,41,0
2,0,0,7,15,2,9,4717,35,0
2,2,0,3,22,4,6,13237,40,0
2,0,0,8,8,1,3,3755,39,0
2,2,1,7,10,2,5,6582,31,0
2,0,1,3,10,3,9,7406,42,0
2,0,0,7,9,2,7,4805,45,0
2,2,1,4,8,1,7,2741,26,1
2,2,0,3,8,2,2,4262,29,0
2,2,0,0,10,4,1,16184,33,0
2,2,0,1,10,3,4,11557,31,0
2,2,1,5,0,1,0,1878,18,1
0,2,0,7,20,3,0,10932,40,0
0,2,1,2,10,2,7,6811,41,0
2,2,0,7,8,2,0,4306,26,0
2,2,0,7,5,2,4,4859,35,0
2,2,0,7,10,2,7,5337,34,0
2,2,1,8,1,1,0,2340,26,1
2,2,0,3,12,3,5,7491,37,0
2,0,0,2,28,3,2,10527,46,0
2,0,0,1,22,4,16,16595,41,0
0,2,0,7,9,3,5,8834,37,0
2,2,1,6,18,2,9,5577,52,0
0,0,0,7,6,2,2,4707,32,1
2,0,0,5,3,1,2,2400,24,0
2,0,0,2,18,2,0,9824,38,0
2,0,0,3,8,2,5,6447,37,0
2,2,1,0,31,5,9,19502,49,0
2,0,1,6,6,1,5,2725,24,0
2,0,0,7,6,2,3,6272,26,0
2,0,0,8,1,1,0,2127,24,0
2,0,0,1,32,5,5,18200,50,0
2,0,0,5,7,1,4,2096,25,0
2,0,1,8,6,1,3,2886,24,1
2,0,0,5,1,1,0,2033,30,1
2,0,1,6,6,1,5,3622,34,0
2,2,0,7,9,2,1,4233,31,1
2,2,0,8,9,2,2,3681,35,0
2,2,0,7,13,2,7,5460,31,0
2,2,0,6,6,1,3,2187,27,0
2,0,1,7,17,2,0,9602,37,0
2,2,0,6,1,1,0,2836,20,0
2,0,0,2,10,2,2,4089,42,0
2,2,1,0,21,4,0,16627,43,0
2,2,0,6,8,1,0,2619,38,0
2,2,1,8,10,2,7,5679,43,0
2,0,0,1,21,4,2,15402,48,0
2,2,0,4,10,2,2,5985,44,0
2,2,1,5,8,1,2,2579,34,0
2,2,0,5,5,1,3,3041,27,1
2,2,0,5,3,1,2,3447,21,0
2,0,1,1,26,5,2,19513,44,0
2,0,0,6,3,1,2,2773,22,0
2,2,0,7,6,2,0,7104,33,0
2,0,1,6,6,2,4,6322,32,0
2,2,0,6,1,1,0,2083,30,0
2,2,0,7,18,2,7,8381,53,0
2,0,0,6,10,1,9,2691,34,0
2,0,0,7,5,2,1,4286,45,1
2,0,1,8,3,1,2,2659,26,0
2,0,0,3,10,3,7,9434,37,0
2,0,0,7,6,2,0,5561,29,0
2,2,0,6,17,2,11,6646,35,0
2,2,0,2,15,2,11,7725,33,0
2,0,0,4,16,3,7,10725,54,0
2,2,1,3,13,2,2,8847,36,0
2,2,0,6,5,1,2,2045,27,0
2,2,1,6,1,1,0,1009,20,1
2,2,1,6,10,1,8,3348,33,1
0,0,0,8,1,1,0,1281,35,0
2,0,0,6,5,1,2,2819,23,0
2,0,0,7,4,2,2,4851,25,0
2,2,0,7,8,2,7,4028,38,0
2,2,0,6,10,1,7,2720,29,0
2,0,0,7,12,2,2,8120,48,0
2,2,1,7,6,2,5,4647,27,0
2,2,0,6,4,1,0,4680,37,0
2,0,1,8,20,1,8,3221,50,0
2,2,0,2,9,3,7,8621,34,0
2,2,0,7,4,2,2,4577,24,1
2,2,0,2,20,2,7,4553,39,0
2,2,0,7,10,2,7,5396,32,0
2,0,1,7,18,2,3,6796,50,1
2,2,0,2,10,2,7,7625,38,0
2,0,0,3,9,3,7,7412,27,0
2,2,0,0,10,3,7,11159,32,0
2,2,0,7,20,2,7,4960,47,0
2,0,1,7,20,3,13,10475,40,0
2,0,0,0,32,4,1,14814,53,0
2,2,0,1,23,5,6,19141,41,0
2,2,0,7,10,2,2,5405,60,0
2,2,0,3,9,3,7,8793,27,0
2,0,0,1,22,5,7,19189,41,0
2,0,0,5,4,1,2,3875,50,0
2,2,1,6,10,1,7,2216,28,1
0,0,0,0,10,3,7,11713,36,0
2,2,1,3,10,3,0,7861,38,0
0,2,0,8,9,1,2,3708,44,0
2,2,1,7,28,4,2,13770,47,0
2,2,0,7,10,2,7,5304,30,0
2,2,0,5,1,1,0,2642,29,0
2,2,1,6,7,1,2,2759,42,1
2,0,0,7,7,2,2,6804,43,0
2,2,0,2,10,2,1,6142,34,0
2,0,0,8,5,1,3,2500,23,0
2,0,0,4,12,2,3,6389,39,0
2,0,0,2,30,4,7,11103,56,0
2,2,1,6,5,1,2,2342,40,0
2,2,0,2,9,2,6,6811,27,0
2,2,0,5,2,1,2,2297,29,0
2,2,0,8,19,2,2,2450,53,0
0,2,0,2,16,2,0,5093,35,0
2,0,0,8,10,2,8,5309,32,0
2,0,1,6,6,1,0,3057,38,0
2,2,0,3,7,2,0,5121,34,0
2,0,0,1,34,4,6,16856,52,0
2,2,1,6,10,1,9,2686,33,1
2,2,0,7,6,2,5,6180,25,0
2,2,0,5,9,2,7,6632,45,0
2,2,0,6,2,1,2,3505,23,0
2,2,1,7,8,2,4,6397,47,1
2,2,0,7,6,2,5,6274,34,0
2,0,1,1,24,5,2,19859,55,1
0,2,0,7,10,3,7,7587,36,0
0,0,0,6,5,1,3,4258,52,0
2,2,0,8,5,1,2,4364,26,0
2,0,0,2,11,2,7,4335,29,0
2,2,0,7,6,2,3,5326,26,1
2,2,0,6,10,1,2,3280,34,0
2,2,1,3,9,2,3,5485,54,0
2,0,0,7,5,2,2,4342,27,0
2,2,1,6,6,1,3,2782,37,0
2,2,1,3,17,2,7,5980,38,0
2,2,0,6,6,1,5,4381,34,0
2,0,0,5,3,1,2,2572,35,0
2,0,0,8,7,1,2,3833,30,0
2,0,0,2,8,2,7,4244,40,0
2,0,0,7,6,2,2,6500,34,0
2,2,0,1,24,5,7,18430,42,0
2,0,1,8,1,1,0,1601,23,1
0,2,0,8,1,1,0,2694,24,0
2,0,0,8,9,2,2,3149,52,0
2,0,0,0,30,4,3,17639,50,0
2,0,1,8,1,1,0,2319,29,1
2,0,0,0,14,3,9,11691,33,0
2,2,0,7,6,2,2,5324,33,1
2,0,1,1,26,4,14,16752,47,0
2,0,0,3,10,2,7,5228,36,0
2,0,0,6,10,1,7,2700,29,0
2,2,1,0,40,5,15,19246,58,1
2,2,0,6,7,1,2,2506,35,0
2,0,1,3,8,2,3,6062,42,0
2,2,0,6,5,1,2,4382,28,1
2,0,0,4,8,1,2,2143,36,0
2,0,0,3,14,2,13,6162,32,0
2,2,0,8,10,2,0,5094,40,0
2,2,1,3,12,2,0,6877,30,0
2,2,0,6,1,1,0,2274,45,0
2,0,0,3,10,2,8,4434,42,0
2,2,0,2,13,2,3,6288,38,0
2,2,0,6,6,1,2,2553,34,0
2,0,0,7,9,3,8,7654,49,1
2,2,0,7,12,2,7,5160,55,1
2,0,0,0,22,4,1,17159,43,0
2,2,1,0,9,3,8,12808,27,0
2,2,0,3,17,3,5,10221,35,0
2,0,1,7,8,2,7,4779,28,0
2,0,0,4,4,1,2,3737,34,0
2,0,1,6,8,1,7,2366,26,1
0,0,0,6,0,1,0,1706,27,0
2,0,0,1,29,4,6,16307,51,0
2,2,0,2,10,2,2,5933,44,0
2,2,0,6,6,1,3,3424,25,0
2,2,0,7,9,2,8,4037,33,0
2,2,0,6,6,1,5,2559,35,0
2,0,1,7,18,2,14,6201,36,0
2,2,0,7,8,2,2,4403,32,0
2,2,0,6,10,1,4,3761,30,0
2,0,1,7,35,3,2,10934,53,0
2,2,1,7,18,3,4,10761,45,0
2,0,0,6,9,2,3,5175,32,0
2,0,0,3,31,4,8,13826,52,0
2,2,0,7,9,2,0,6334,37,0
2,2,0,4,6,1,1,4936,28,0
2,0,0,3,4,2,2,4775,22,0
2,0,1,8,10,1,2,2818,44,0
2,2,1,6,8,1,1,2515,42,0
2,0,0,4,6,1,4,2342,36,0
2,0,1,7,5,2,3,4194,25,0
2,0,1,3,17,3,14,10685,35,0
2,2,1,6,10,1,2,2022,35,1
0,2,0,8,4,1,0,2314,32,0
2,0,0,7,5,2,2,4256,25,0
2,0,0,6,7,1,2,3580,49,0
0,0,0,8,6,1,2,3162,24,0
2,0,0,7,10,2,8,6524,32,0
2,0,0,5,3,1,2,2899,38,0
2,0,1,8,17,2,3,5231,42,0
2,0,1,6,8,1,4,2356,31,0
2,2,1,5,5,1,2,2800,29,1
2,0,0,7,28,4,0,11836,53,0
2,0,0,3,16,3,10,10903,35,0
2,0,0,5,10,1,4,2973,37,0
2,2,0,0,33,4,9,14275,53,0
2,0,0,2,12,2,2,5562,43,0
2,0,1,7,8,2,6,4537,47,0
0,2,1,7,10,3,0,7642,37,0
0,2,0,1,31,4,6,17924,50,0
2,0,0,4,13,2,4,5204,39,0
2,2,1,4,7,1,3,2277,33,0
2,2,1,8,1,1,0,2795,32,1
2,2,0,8,8,1,3,2532,29,0
2,0,1,6,8,1,7,2559,44,0
2,2,0,7,4,2,2,4908,28,0
2,2,1,8,3,1,0,2380,58,1
2,2,0,3,4,2,0,4765,43,0
2,2,0,5,2,1,2,2044,20,1
2,2,0,6,1,1,0,2693,21,1
2,0,1,2,17,2,8,6586,36,0
2,2,1,5,3,1,2,3294,47,0
2,0,1,3,4,2,2,4171,22,1
2,2,1,8,10,1,7,2778,41,1
2,2,0,6,6,1,2,2377,28,0
2,0,1,8,8,1,2,2404,39,1
2,2,0,6,1,1,1,2318,27,0
2,2,0,8,1,1,0,2008,34,0
2,2,0,7,10,2,4,6244,42,0
2,2,1,6,6,1,2,2799,33,0
2,2,1,2,24,3,0,10552,58,0
2,0,0,5,13,1,7,2329,31,0
2,0,1,2,10,2,6,4014,35,0
2,0,0,8,29,3,9,7403,49,0
2,0,0,6,13,1,0,2259,48,0
0,0,0,7,9,2,8,6932,31,0
2,2,0,6,8,1,2,4678,36,0
2,0,0,0,15,3,12,13582,38,0
0,0,0,8,5,1,0,2332,32,0
2,0,1,5,1,1,0,2413,25,1
2,2,0,7,11,3,0,9705,40,0
2,2,0,7,7,2,7,4294,26,0
2,2,1,8,20,1,13,4721,41,0
2,2,0,8,16,1,8,2519,36,0
2,2,1,5,1,1,0,2121,19,1
2,2,0,8,1,1,0,2973,20,1
2,0,1,2,10,2,7,5855,31,0
2,2,1,6,3,1,1,3617,40,0
2,0,0,3,8,2,7,6725,32,0
2,0,1,7,16,3,7,10325,36,1
2,2,0,2,6,2,0,6949,33,0
2,0,0,7,17,3,1,10609,37,1
0,0,0,8,9,2,7,4447,45,0
2,0,0,5,3,1,1,2157,29,0
2,0,0,7,5,2,2,4601,35,0
2,0,0,1,26,4,8,17099,52,0
2,2,0,6,7,1,0,2479,58,1
2,2,0,1,22,4,13,14852,53,0
2,2,0,7,10,3,4,7264,30,0
0,2,1,7,6,2,3,5666,38,0
2,2,0,7,12,3,9,7823,35,0
2,2,0,7,9,3,7,7880,39,0
0,2,1,7,22,4,0,13194,40,1
2,2,1,3,20,2,10,5067,47,0
0,2,0,7,12,2,7,5079,36,0
0,2,1,6,4,1,2,2321,31,1
0,2,0,1,10,4,8,17444,33,0
2,2,1,6,3,1,0,2404,29,1
2,2,0,6,5,1,2,3452,33,0
2,2,0,8,8,1,3,2270,45,0
2,2,0,0,32,4,4,17399,50,0
2,0,1,2,6,2,5,5488,33,0
2,2,0,0,21,5,16,19419,41,0
2,0,0,8,4,1,2,2811,27,0
0,0,1,8,9,2,8,3633,45,0
2,2,1,7,9,2,0,4163,47,0
2,0,1,6,7,1,2,2132,30,1
2,0,1,3,22,4,11,13973,50,0
2,0,0,6,3,1,1,2684,38,0
2,2,0,3,13,3,7,10845,46,0
2,2,0,3,5,2,2,4377,24,0
2,2,1,8,5,1,2,3743,35,1
2,0,0,3,4,2,3,4148,31,0
0,2,0,6,0,1,0,1051,18,0
2,0,0,3,22,3,7,10739,54,0
2,2,1,2,16,3,10,10388,35,0
2,0,1,0,9,3,7,11416,30,0
2,2,1,6,1,1,0,2600,20,1
2,2,0,8,4,1,2,2422,30,1
2,0,0,3,8,2,7,5472,26,0
2,0,0,8,4,1,3,2451,22,0
2,2,0,2,19,2,2,4240,48,0
2,2,0,2,27,3,11,10999,48,0
2,2,0,3,8,2,2,5003,41,0
2,0,0,3,21,4,6,12742,39,0
2,0,0,3,4,2,2,4227,27,0
2,2,0,8,3,1,2,3917,35,0
2,0,0,1,21,5,0,18303,42,0
2,0,0,8,8,1,0,2380,50,0
2,2,1,3,30,4,3,13726,59,0
2,0,0,2,15,2,0,4777,37,1
2,0,1,2,17,2,7,6385,55,0
0,2,0,0,21,5,16,19973,41,0
2,2,1,7,19,2,0,6861,38,0
0,2,0,7,7,2,2,4969,26,1
2,0,0,1,33,5,14,19845,52,1
2,0,1,7,23,4,11,13320,44,0
0,0,0,7,19,2,7,6347,50,0
2,2,0,8,18,1,13,2743,36,1
2,2,1,3,21,3,6,10880,39,0
0,2,0,5,3,1,2,2342,33,0
2,0,0,1,26,4,3,17650,45,0
0,2,0,8,10,1,7,4025,32,0
2,2,0,7,16,2,1,9725,34,0
2,0,1,1,14,3,4,11904,59,0
2,2,0,4,6,1,3,2177,45,0
2,0,0,7,30,3,7,7525,53,0
2,2,0,8,9,2,0,4834,36,1
2,0,1,6,6,1,2,2042,26,1
2,0,1,5,1,1,1,2220,34,0
2,0,0,5,1,1,0,1052,28,0
2,0,0,6,8,1,2,2821,38,0
2,0,1,0,29,5,1,19237,50,0
2,2,0,2,8,2,3,4107,37,0
2,0,0,7,8,2,7,8396,40,0
2,2,0,6,5,1,3,2007,26,0
2,2,0,0,23,5,2,19627,46,0
2,0,0,7,13,3,4,10686,54,0
2,0,0,6,18,1,4,2942,56,0
2,2,0,3,15,3,8,8858,36,0
0,2,0,1,31,4,7,16756,55,0
2,2,0,7,18,3,0,10798,43,0
2,2,1,5,2,1,2,2323,20,1
2,2,0,8,1,1,0,1416,21,1
2,2,1,6,19,2,13,4615,46,0
2,0,1,6,18,1,0,2461,51,1
0,2,0,2,10,3,7,8722,28,1
2,0,0,8,6,1,3,3955,26,0
2,0,0,3,7,2,2,9957,30,0
2,0,0,6,10,1,6,3376,41,0
2,0,0,2,20,3,9,8823,38,0
2,0,0,2,14,3,10,10322,40,0
0,0,0,8,3,1,2,4621,27,0
2,0,0,3,23,3,2,10976,55,0
2,2,0,6,10,2,7,3660,28,0
2,0,0,4,24,3,6,10482,44,1
2,2,0,2,9,3,2,7119,33,0
2,2,1,7,9,3,7,9582,35,1
2,2,0,6,14,2,7,4508,33,1
2,2,0,8,4,1,2,2207,28,0
2,2,0,2,7,2,2,7756,34,0
2,2,1,7,8,2,0,6694,37,0
2,0,1,8,7,1,7,3691,25,1
2,2,0,8,1,1,1,2377,26,1
2,2,1,6,5,1,2,2313,33,1
2,0,0,1,23,4,6,17665,42,0
2,2,0,8,1,1,0,2596,28,1
2,2,1,7,5,2,0,4728,50,1
2,0,0,7,4,2,2,4302,33,0
0,0,0,6,6,1,0,2979,34,0
0,2,0,1,27,4,4,16885,48,0
0,0,0,7,15,2,10,5593,45,0
2,2,0,2,18,3,6,10445,52,0
2,2,1,7,9,3,7,8740,38,0
2,2,0,6,11,1,5,2514,29,0
2,2,0,3,10,3,7,7655,28,0
2,0,0,1,23,4,9,17465,46,0
2,2,0,7,10,3,0,7351,38,0
2,0,0,3,18,3,7,10820,43,0
2,2,0,2,21,4,7,12169,39,1
2,2,0,0,21,5,7,19626,40,0
2,2,1,6,2,1,2,2070,21,0
0,2,0,8,9,2,4,6782,39,0
0,2,0,3,18,2,9,7779,36,0
2,0,0,5,3,1,2,2791,31,0
2,0,0,6,6,1,3,3201,28,0
2,2,0,7,5,2,2,4968,35,0
2,0,0,7,22,4,8,13120,49,0
2,2,0,3,5,2,2,4033,34,0
2,2,0,6,8,1,5,3291,29,0
2,2,0,8,16,2,0,4272,42,0
2,0,1,3,10,2,7,5056,29,0
2,0,0,4,7,1,6,2844,38,0
2,2,1,6,3,1,1,2703,28,0
0,2,0,8,0,1,0,1904,18,1
2,2,1,7,6,2,2,8224,33,1
2,0,1,8,6,1,0,4766,41,0
2,0,0,8,2,1,2,2610,31,1
2,2,0,2,9,2,2,5731,37,0
2,0,0,6,4,1,2,2539,27,0
2,0,0,7,6,2,5,5714,34,0
2,2,0,4,6,1,4,4323,35,0
2,0,0,7,11,3,8,7336,29,1
2,2,0,0,20,3,7,13499,40,0
2,2,1,7,22,4,9,13758,42,1
2,2,0,7,9,2,4,5155,42,0
2,0,0,8,10,1,0,2258,35,0
2,2,0,8,6,1,3,3597,24,0
2,0,1,8,1,1,1,2515,28,1
2,0,0,8,8,1,7,4420,26,0
2,0,0,7,10,2,3,6578,30,0
2,0,1,6,16,2,1,4422,40,0
2,2,0,3,15,3,7,10274,35,0
2,2,0,2,14,2,9,5343,34,0
2,0,0,8,2,1,2,2376,35,0
2,2,0,7,7,2,3,5346,43,1
0,2,0,5,1,1,0,2827,32,0
2,2,0,1,28,5,2,19943,56,0
2,0,0,8,10,1,8,3131,29,0
2,2,0,6,1,1,1,2552,19,0
2,0,1,6,7,1,2,4477,45,0
2,0,0,3,14,2,8,6474,37,0
2,2,0,8,2,1,2,3033,20,0
2,2,1,6,6,1,4,2936,44,1
2,2,0,1,26,5,7,18606,53,0
2,0,1,6,6,1,4,2168,29,0
2,0,1,6,1,1,0,2853,22,1
2,0,0,1,28,4,15,17048,46,0
0,2,0,6,6,1,0,2290,44,0
2,0,0,4,5,1,4,3600,33,0
0,2,0,6,5,1,0,2107,41,1
2,2,0,7,8,2,3,4115,30,0
2,0,0,7,5,2,0,4327,40,0
2,0,0,1,32,4,2,17856,50,0
2,0,0,8,6,1,5,3196,28,0
2,0,0,0,25,5,2,19081,46,0
2,0,1,7,15,2,7,8966,35,0
2,0,0,8,1,1,0,2210,24,1
2,0,0,7,10,2,7,4539,33,0
2,2,0,8,7,1,7,2741,36,0
2,2,0,8,10,2,7,3491,30,0
2,2,0,6,20,2,11,4541,44,0
2,2,0,5,2,1,1,2678,20,0
2,2,0,3,12,2,3,7379,46,0
0,0,0,4,10,2,3,6272,42,0
2,2,1,7,12,2,7,5220,60,0
2,0,0,8,2,1,2,2743,32,0
2,2,1,6,10,2,7,4998,32,0
2,2,1,3,17,3,7,10252,36,0
2,0,0,6,15,1,10,2781,33,0
2,2,0,7,7,2,1,6852,40,0
2,2,0,7,5,2,3,4950,25,0
2,0,1,6,12,1,9,3579,30,0
2,0,1,0,20,3,0,13191,42,0
0,0,1,7,16,3,2,10377,35,0
2,0,1,6,9,1,7,2235,27,0
2,2,0,3,33,3,4,10502,54,0
2,0,0,6,10,1,5,2011,44,0
0,2,1,6,1,1,1,1859,19,1
2,2,0,6,3,1,2,3760,29,0
2,0,0,0,36,4,9,17779,54,0
2,0,1,2,6,2,5,6833,31,0
2,2,0,2,10,2,9,6812,31,0
2,2,0,7,13,2,1,5171,59,0
2,0,0,0,25,5,7,19740,43,0
2,0,0,1,23,5,0,18711,49,0
2,0,0,6,12,1,10,3692,36,0
2,2,0,8,7,1,0,2559,48,0
2,2,0,6,5,1,3,2517,27,0
2,2,1,2,6,2,0,6623,29,0
2,2,0,0,25,5,0,18265,48,0
2,2,0,0,9,4,7,16124,29,0
2,0,0,6,2,1,0,2585,34,0
2,0,0,1,26,5,9,18213,44,0
2,2,1,7,10,3,8,8380,33,0
2,2,1,6,1,1,0,2994,19,0
2,0,0,6,1,1,0,1223,23,0
2,2,1,5,1,1,0,1118,25,1
2,2,1,6,8,1,5,2875,26,0
2,2,1,1,26,5,10,18824,45,1
0,2,1,2,34,4,9,13577,55,0
2,2,0,8,2,1,2,2625,21,1
2,0,0,1,26,5,4,18789,46,0
2,2,1,7,4,2,2,4538,34,0
2,2,1,1,31,5,10,19847,51,0
2,2,0,3,25,3,7,10512,59,0
2,2,0,8,15,2,8,4444,34,0
2,2,1,8,5,1,2,2154,28,0
2,2,0,1,26,5,9,19190,44,0
2,0,0,4,14,2,9,4490,34,0
2,0,1,6,4,1,2,3506,35,0
2,0,1,6,18,2,0,2372,42,0
2,2,0,7,23,3,7,10231,43,0
2,2,1,3,18,2,14,5410,36,0
2,0,0,2,10,3,7,7978,44,1
2,0,1,8,2,1,2,3867,28,0
2,2,0,8,8,1,0,2838,51,0
0,2,1,3,10,2,4,4695,30,0
2,2,1,8,10,1,7,3339,29,1
2,2,0,6,5,1,2,2080,28,0
2,2,0,6,2,1,2,2096,25,0
2,0,0,7,10,2,7,6209,32,0
2,2,0,1,22,5,0,18061,45,0
2,2,1,1,21,4,9,17123,39,0
2,2,0,6,2,1,2,2372,58,0
2,0,0,8,10,2,4,4883,32,1
2,2,0,6,6,1,2,3904,39,1
2,0,0,8,10,2,2,4627,30,0
2,0,0,2,10,3,7,7094,36,0
2,2,0,4,10,1,6,3423,46,0
0,0,0,8,10,2,8,6674,28,0
2,0,1,0,25,4,2,16880,50,0
2,2,1,7,9,3,4,9094,40,1
2,2,1,7,10,3,7,8446,52,1
2,0,1,1,9,3,1,11916,30,0
2,2,0,3,9,2,7,4534,39,0
0,2,1,7,10,3,8,9852,31,0
0,2,0,7,19,2,2,6151,41,0
2,2,1,5,3,1,2,2302,31,1
2,0,0,8,10,1,2,2362,44,1
0,0,1,1,21,4,8,17861,42,0
2,0,0,1,23,5,9,19187,55,0
2,2,0,1,36,5,3,19717,56,0
0,2,0,6,6,1,2,3544,40,0
2,2,0,2,10,3,7,8500,34,0
2,2,0,6,9,2,8,4661,40,0
2,2,0,7,10,2,3,4103,41,0
2,2,1,6,9,2,6,4249,35,0
2,2,1,1,33,4,9,14026,51,0
2,2,0,7,11,2,7,6893,38,0
2,2,0,7,10,2,8,6125,34,0
2,0,0,8,7,1,2,3669,25,0
2,0,1,3,31,3,9,10008,58,1
2,0,0,8,7,1,2,2387,40,0
2,0,0,7,17,2,7,4639,36,0
2,2,0,3,11,3,9,7898,48,0
2,0,0,5,5,1,0,2534,27,0
2,2,0,3,29,4,2,13142,51,0
0,2,0,8,0,1,0,1611,18,0
2,0,0,8,10,2,7,5363,35,0
2,2,0,7,8,2,2,5071,27,0
2,2,1,7,24,4,7,13695,55,1
2,0,1,3,33,4,16,13402,56,0
0,2,0,6,5,1,4,2029,34,0
2,2,0,2,15,2,11,6377,40,0
2,0,0,8,10,2,7,5429,34,0
2,2,0,5,3,1,0,2785,31,1
2,0,1,7,5,2,2,4614,35,1
2,2,0,6,4,1,2,2610,38,0
2,2,0,2,14,2,11,6687,34,0
2,0,0,7,5,2,3,4724,28,0
2,0,1,3,10,2,2,6179,31,1
2,0,1,7,8,2,4,6120,39,0
2,0,0,7,14,3,2,10596,51,0
2,2,1,6,12,2,2,5467,41,0
2,0,1,6,8,1,4,2996,37,0
2,0,0,7,8,2,4,9998,33,0
2,0,1,7,4,2,2,4078,32,0
0,0,0,2,13,3,4,10920,39,0
2,0,0,7,6,2,2,6232,25,0
2,0,1,3,24,4,3,13247,52,0
2,2,1,6,20,2,7,4081,43,0
2,0,1,7,6,2,2,5769,27,0
2,2,1,6,8,1,2,2394,27,1
2,2,0,6,5,1,3,3904,26,0
2,0,0,1,21,4,7,16799,42,0
2,0,0,8,12,1,4,2950,52,0
2,2,0,8,8,1,2,3629,37,0
2,2,0,3,10,3,2,9362,35,0
2,0,0,8,7,1,2,3229,25,0
2,2,0,8,8,1,7,3578,26,0
2,2,0,4,10,3,9,7988,29,0
2,2,0,8,20,2,3,4284,49,1
2,2,1,2,9,3,7,7553,29,1
2,2,0,0,29,4,7,17328,54,0
2,0,1,0,32,5,8,19701,58,0
2,2,0,0,31,4,7,14732,55,0
2,2,1,7,15,2,4,9278,36,0
2,2,0,5,1,1,0,1359,31,1
2,2,0,7,8,2,2,4779,30,0
2,2,0,0,9,4,2,16422,31,0
2,2,0,6,10,1,3,2996,34,0
2,2,0,6,1,1,0,1261,31,1
2,0,0,8,6,1,0,2099,27,0
2,2,0,8,10,2,4,5810,36,0
2,0,0,7,11,2,2,5647,36,0
2,0,0,6,17,1,5,3420,47,0
2,0,0,5,6,1,2,4400,25,1
0,2,0,8,7,1,5,3500,37,0
2,0,0,6,5,1,2,2066,56,0
2,0,0,0,26,4,17,17169,47,0
2,0,1,7,5,2,4,4162,24,0
2,0,0,7,7,2,3,9204,32,0
2,0,0,8,7,1,4,3294,34,0
2,0,1,6,7,1,2,2127,41,0
0,2,0,8,11,2,7,3975,40,0
2,2,0,7,13,3,7,10793,31,0
2,2,0,7,28,3,7,10096,46,1
0,2,1,8,11,1,0,3646,39,1
2,2,0,3,10,3,8,7446,31,1
2,2,1,2,24,3,7,10851,45,0
2,2,0,4,8,1,2,2109,31,0
2,0,1,8,7,1,2,3722,31,1
2,0,1,3,10,3,1,9380,45,0
2,2,0,7,15,2,2,5486,48,0
2,0,0,4,2,1,2,2742,34,1
0,2,0,0,16,3,8,13757,40,0
2,2,0,7,6,2,4,8463,28,0
0,2,0,8,7,1,2,3162,44,0
2,2,0,0,35,4,8,16598,53,0
2,0,0,2,20,2,2,6651,49,0
2,2,0,6,8,1,1,2345,40,0
2,2,0,6,6,1,2,3420,44,0
2,0,0,7,5,2,3,4373,33,0
2,2,0,7,15,2,9,4759,34,0
2,0,0,7,4,2,1,5301,30,0
2,2,0,8,12,1,9,3673,42,0
2,0,0,7,11,2,0,4768,44,0
0,2,0,6,1,1,0,1274,30,0
2,0,0,6,13,2,9,4900,57,0
2,2,0,2,29,3,7,10466,49,0
2,2,0,0,16,4,8,17007,34,0
2,0,0,5,5,1,2,2909,28,1
2,2,0,7,7,2,3,5765,29,1
2,2,1,7,16,2,9,4599,34,1
2,0,0,5,1,1,0,2404,35,0
2,2,1,8,4,1,0,3172,24,1
0,0,0,5,1,1,0,2033,24,0
2,2,1,3,16,3,2,10209,44,0
2,2,0,7,10,2,7,8620,29,0
2,2,0,4,6,1,3,2064,30,0
2,0,1,2,4,2,2,4035,55,0
2,0,0,8,8,1,4,3838,33,0
2,0,1,7,11,2,4,4591,47,0
2,2,0,8,8,1,0,2561,28,1
2,2,0,6,1,1,0,1563,28,0
2,2,0,7,5,2,2,4898,28,0
2,0,0,8,10,2,2,4789,49,0
2,0,0,8,4,1,2,3180,29,0
2,0,0,3,8,2,6,6549,28,0
2,2,1,2,14,2,0,6388,33,0
2,2,0,1,10,3,2,11244,32,0
2,2,0,1,26,4,9,16032,54,0
2,2,0,6,11,1,7,2362,29,1
2,0,0,0,24,4,6,16328,44,0
2,2,0,3,9,3,0,8376,39,0
2,0,0,1,23,4,12,16606,46,0
2,2,0,2,11,3,8,8606,35,0
2,2,0,8,5,2,3,2272,23,0
2,2,0,8,15,1,4,2018,40,1
2,0,1,7,10,3,9,7083,34,0
2,2,0,6,7,1,2,4084,31,1
2,2,1,0,32,4,6,14411,50,0
2,0,1,5,12,1,10,2308,34,0
2,0,0,8,4,1,0,4841,42,0
2,0,0,6,10,2,8,4285,37,0
2,0,0,2,9,2,7,9715,29,0
2,2,0,3,5,2,3,4320,33,0
2,0,0,6,8,1,4,2132,45,0
2,0,1,2,24,3,8,10124,42,0
2,0,0,7,9,2,4,5473,40,0
2,0,1,8,15,2,14,5207,33,0
2,2,1,1,21,4,7,16437,40,0
2,2,0,8,2,1,1,2296,24,0
0,2,1,2,8,2,2,4069,40,0
2,2,0,2,10,3,8,7441,45,0
2,0,0,5,6,1,3,2430,35,0
2,0,0,6,12,2,1,5878,32,0
2,2,1,5,7,1,2,2644,36,0
2,2,0,7,18,2,7,6439,48,0
2,0,0,6,5,1,0,2451,29,0
2,0,0,7,8,2,2,6392,33,0
2,0,0,7,10,2,8,9714,30,1
2,0,0,4,10,2,3,6077,38,0
2,2,0,8,3,1,0,2450,35,0
2,0,0,7,9,3,2,9250,30,0
2,2,1,8,1,1,0,2074,35,1
2,0,0,3,34,3,7,10169,53,1
2,0,0,3,7,2,2,4855,38,1
0,0,0,6,9,2,5,4087,32,0
2,0,0,6,10,1,2,2367,48,0
2,2,0,6,1,1,0,2972,34,0
2,0,0,1,36,5,6,19586,55,0
2,0,0,6,9,2,2,5484,34,0
2,0,0,6,1,1,0,2061,26,0
2,0,0,7,10,2,8,9924,38,0
2,2,0,7,8,2,2,4198,38,0
2,2,0,7,15,2,0,6815,36,0
2,2,1,8,10,1,9,4723,29,0
2,2,1,2,10,2,2,6142,35,0
2,0,0,7,11,3,6,8237,39,0
2,2,0,2,6,2,4,8853,29,0
2,0,1,1,27,5,0,19331,50,0
2,0,0,6,4,1,2,2073,23,0
2,0,1,8,9,2,2,5562,36,0
2,2,0,1,24,5,0,19613,42,0
2,0,0,8,10,2,9,3407,35,0
2,0,0,2,8,2,2,5063,34,0
2,0,0,7,5,2,4,4639,40,0
2,2,0,8,8,1,4,4876,43,0
2,0,0,8,1,1,0,2690,35,0
2,2,0,1,27,4,0,17567,46,0
2,0,1,8,1,1,1,2408,28,1
0,0,1,6,4,1,2,2814,22,0
2,0,1,2,32,4,8,11245,50,0
2,0,0,6,6,1,2,3312,32,0
2,2,1,0,23,5,7,19049,44,0
2,0,0,6,6,1,4,2141,30,0
2,2,1,8,10,2,7,5769,45,0
0,0,0,7,10,2,7,4385,45,0
2,2,0,7,10,2,2,5332,31,0
2,0,1,3,7,2,2,4663,36,0
2,2,0,3,9,2,7,4724,34,0
2,0,0,8,10,1,6,3211,49,0
2,0,0,3,10,2,7,5377,39,0
2,2,0,8,7,1,7,4066,27,0
2,0,0,6,16,2,15,5208,35,0
2,2,0,3,6,2,3,4877,28,0
2,2,0,6,3,1,2,3117,21,0
2,2,1,5,0,1,0,1569,18,1
2,0,0,1,27,5,2,19658,47,0
2,2,0,8,11,2,8,3069,39,0
2,0,0,3,18,3,15,10435,40,0
0,0,0,2,15,2,11,4148,35,0
2,0,0,3,9,2,3,5768,37,0
2,2,0,3,10,2,2,5042,39,0
2,2,0,3,10,2,7,5770,45,0
2,0,1,3,10,3,4,7756,38,0
2,0,0,7,15,3,12,10306,35,1
2,0,0,6,8,1,4,3936,37,0
2,2,1,3,18,3,2,7945,40,0
2,0,1,4,14,2,7,5743,44,0
2,0,0,1,23,4,2,15202,48,0
2,2,1,7,7,2,2,5440,35,1
2,2,1,6,6,1,3,3760,24,0
2,0,0,6,5,1,2,3517,27,0
2,2,0,6,6,1,2,2580,27,0
2,2,1,8,10,1,2,2166,40,1
2,2,0,7,8,2,2,5869,29,0
2,0,0,2,9,3,2,8008,36,0
2,2,0,3,7,2,7,5206,25,0
2,0,0,3,7,2,4,5295,39,0
2,0,0,0,27,4,2,16413,49,0
2,2,0,0,19,3,11,13269,50,0
2,2,0,5,2,1,2,2783,20,0
2,2,0,6,11,2,8,5433,34,0
2,2,0,8,15,1,3,2013,36,0
2,0,1,2,30,4,11,13966,49,0
0,0,0,3,4,2,2,4374,36,0
2,2,0,2,13,2,4,6842,36,0
2,0,0,1,36,4,8,17426,54,0
2,0,0,0,14,4,10,17603,43,0
2,2,1,7,13,2,9,4581,35,1
2,0,0,6,19,2,11,4735,38,0
2,2,1,7,10,2,0,4187,29,0
2,2,0,7,6,2,2,5505,33,0
2,2,0,6,10,2,5,5470,32,0
2,0,0,7,10,2,0,5476,31,0
2,2,1,8,17,1,2,2587,49,0
2,2,0,8,4,1,3,2440,38,0
2,2,0,1,29,4,2,15972,47,0
2,2,0,1,23,4,7,15379,49,0
2,2,1,7,21,3,0,7082,41,0
2,2,0,5,2,1,2,2728,20,0
0,2,1,7,7,2,5,5368,33,0
2,0,0,2,10,2,2,5347,36,0
2,2,1,4,8,1,2,3195,44,0
2,2,1,8,5,1,4,3989,23,1
2,0,0,8,7,1,0,3306,38,0
2,0,0,2,11,3,3,7005,53,0
2,0,1,5,19,1,7,2655,48,1
2,2,0,8,1,1,0,1393,32,1
0,2,0,8,7,1,7,2570,26,0
2,2,0,6,8,1,2,3537,55,0
2,0,0,8,15,2,10,3986,34,0
2,2,0,2,19,3,0,10883,60,0
2,0,0,8,14,1,11,2028,33,0
2,2,0,7,6,2,3,9525,37,0
2,0,0,6,10,1,9,2929,34,0
2,2,1,5,3,1,2,2275,23,1
2,0,1,2,9,3,7,7879,44,0
2,2,1,6,6,1,4,4930,35,0
2,0,1,7,10,2,9,7847,43,0
2,0,0,6,5,1,3,4401,24,0
2,2,0,7,10,3,8,9241,41,0
2,0,0,8,9,1,3,2974,29,0
2,2,0,5,17,2,7,4502,36,0
0,0,0,2,25,3,15,10748,45,0
2,0,0,4,1,1,0,1555,24,1
2,0,0,7,25,4,5,12936,47,1
2,0,0,8,3,1,2,2305,26,0
2,2,0,0,21,4,6,16704,45,0
2,0,0,6,10,1,2,3433,32,0
2,0,0,8,6,1,2,3477,31,0
0,0,0,4,10,2,2,6430,41,0
2,0,1,3,18,2,0,6516,40,0
2,2,0,8,6,1,2,3907,24,0
2,2,0,2,19,2,7,5562,46,0
2,0,0,3,17,2,7,6883,35,0
2,0,0,6,10,1,0,2862,30,0
0,0,0,7,4,2,0,4978,47,0
2,2,1,7,13,3,6,10368,46,0
2,2,1,7,16,2,2,6134,36,1
2,2,0,7,10,2,0,6735,32,1
2,2,0,8,3,1,2,3295,23,0
2,2,0,3,9,2,4,5238,31,0
0,0,1,8,9,2,8,6472,39,0
2,0,0,7,10,3,3,9610,32,0
2,2,0,1,21,5,8,19833,40,0
2,0,0,4,9,3,0,9756,45,0
2,2,0,6,10,1,7,4968,30,0
2,0,0,4,3,1,2,2145,24,0
2,2,0,4,6,1,2,2180,30,1
2,0,0,7,6,2,2,8346,31,0
2,2,0,6,6,1,2,3445,27,0
2,2,0,5,2,1,2,2760,29,1
2,2,1,2,10,2,2,6294,29,0
2,2,0,7,12,3,7,7140,30,0
2,0,1,6,6,1,0,2932,34,0
0,2,0,7,13,2,7,5147,33,0
2,2,0,7,8,2,1,4507,49,0
2,2,1,7,11,3,0,8564,33,1
2,0,0,8,9,1,1,2468,38,0
2,0,0,7,10,3,0,8161,31,1
2,2,0,6,1,1,0,2109,29,0
2,0,0,2,10,2,0,5294,30,0
0,2,0,6,12,1,7,2718,32,0
2,0,1,2,15,2,0,5811,38,0
2,0,1,6,6,1,0,2437,43,1
2,2,0,8,7,1,3,2766,42,0
2,0,0,0,34,5,0,19038,55,0
0,2,0,6,11,2,8,3055,33,0
2,2,0,8,5,1,3,2289,41,0
0,2,1,7,15,2,14,4001,34,0
0,0,1,3,27,4,2,12965,53,0
2,2,0,4,10,1,7,3539,43,0
2,2,0,7,6,2,2,6029,34,0
2,2,0,5,1,1,0,2679,21,1
2,0,0,8,5,1,4,3702,38,0
2,0,1,8,1,1,0,2398,22,1
2,0,0,7,13,2,7,5468,31,0
2,0,0,1,15,3,2,13116,51,0
2,0,0,7,5,2,2,4189,37,0
2,2,1,0,24,5,1,19328,46,0
2,0,1,2,15,3,8,8321,36,0
2,2,1,6,6,1,3,2342,44,1
2,2,0,4,19,2,0,4071,37,0
2,2,1,7,10,2,7,5813,35,1
2,0,0,6,14,1,8,3143,33,0
2,0,0,6,5,1,3,2044,28,0
2,2,0,0,9,3,3,13464,39,0
0,2,0,7,6,2,2,7991,46,0
2,0,0,8,7,1,3,3377,40,0
2,0,0,2,10,2,0,5538,42,0
0,2,0,3,15,2,7,5762,35,0
0,2,0,4,13,1,10,2592,38,0
2,0,0,8,11,2,1,5346,34,1
2,2,0,3,10,2,3,4213,37,1
2,2,0,7,7,2,1,4127,39,0
0,2,0,6,7,1,2,2438,43,0
2,2,0,2,11,2,2,6870,41,0
2,2,1,7,23,3,14,10447,41,0
2,2,0,3,9,3,7,9667,30,0
2,0,1,4,6,1,1,2148,26,1
2,0,0,2,13,2,7,8926,46,1
2,2,0,2,12,2,3,6513,40,0
2,0,0,7,10,2,8,6799,34,0
0,2,0,1,37,4,9,16291,58,0
2,0,0,8,6,1,4,2705,35,0
2,2,1,3,28,3,11,10333,47,0
2,2,0,2,15,2,4,4448,40,0
2,0,0,6,14,2,1,6854,54,0
2,0,0,7,9,3,2,9637,31,0
2,0,0,6,3,1,2,3591,28,0
2,0,1,5,20,2,2,5405,38,0
2,2,0,7,5,2,3,4684,26,0
2,0,1,0,23,4,2,15787,58,0
0,2,0,6,0,1,0,1514,18,0
2,0,0,4,2,1,0,2956,31,1
2,2,1,4,4,1,2,2335,29,1
0,0,0,7,10,2,7,5154,45,0
2,0,1,6,15,2,0,6962,36,0
2,0,0,7,7,2,7,5675,43,0
2,2,1,8,6,1,4,2379,27,0
2,0,0,8,11,1,8,3812,29,0
2,2,0,7,4,2,0,4648,32,0
0,0,0,6,10,1,3,2936,42,0
2,2,0,8,7,1,2,2105,47,0
2,2,0,3,12,3,8,8578,46,0
0,2,0,4,3,1,2,2706,28,0
2,2,0,2,11,2,0,6384,29,0
2,2,0,8,8,1,0,3968,42,0
2,2,1,7,7,2,2,9907,32,1
2,2,0,7,25,4,17,13225,46,0
2,0,0,5,9,2,8,3540,27,0
2,0,0,4,1,1,0,2804,29,0
2,0,0,1,21,5,12,19392,43,0
2,0,0,0,29,5,10,19665,48,0
2,2,1,6,1,1,0,2439,29,1
2,0,0,7,14,3,7,7314,46,1
2,0,0,6,8,1,6,4774,27,0
2,2,0,6,7,2,2,3902,39,0
2,0,0,6,19,1,2,2662,55,0
2,0,0,5,1,1,0,2856,28,0
2,2,0,5,1,1,0,1081,30,1
2,2,1,6,1,1,0,2472,22,1
2,0,1,7,10,2,9,5673,36,0
2,2,0,8,10,2,8,4197,31,0
2,0,1,7,9,3,3,9713,34,0
2,2,0,8,11,1,2,2062,29,0
2,0,1,6,16,2,3,4284,37,0
2,0,1,3,4,2,2,4788,35,0
2,0,0,3,10,2,8,5906,45,0
2,2,0,4,10,2,1,3886,36,0
2,2,0,1,22,4,7,16823,40,0
2,0,1,6,1,1,0,2933,26,0
2,2,0,7,9,2,7,6500,27,0
2,2,0,1,24,4,17,17174,48,0
2,0,0,2,10,2,0,5033,44,0
0,0,1,6,5,1,2,2307,34,1
2,2,0,8,5,1,2,2587,56,1
2,0,0,7,12,2,2,5507,36,0
2,0,0,7,14,2,4,4393,41,0
2,0,0,0,18,3,7,13348,42,0
2,2,1,7,8,2,2,6583,31,0
2,0,1,7,9,2,2,8103,34,0
2,2,0,8,4,1,2,3978,31,0
2,0,0,8,8,1,7,2544,26,0
2,2,0,2,12,2,2,5399,45,0
2,2,0,7,10,2,4,5487,33,0
2,0,1,7,7,2,7,6834,28,0
2,2,0,5,1,1,0,1091,29,1
0,0,0,7,10,2,2,5736,39,0
2,0,0,6,6,1,3,2226,27,0
2,0,1,6,16,2,10,5747,34,0
2,2,1,7,6,2,0,9854,28,1
0,0,0,6,16,2,7,5467,47,0
2,0,0,7,6,2,0,5380,56,0
2,0,0,3,10,2,0,5151,39,0
2,2,1,6,20,2,11,2133,38,0
2,0,1,1,29,4,0,17875,58,0
2,2,1,6,8,1,1,2432,32,1
2,2,0,6,10,1,2,4771,38,0
2,0,0,0,28,5,4,19161,49,0
2,2,1,7,14,2,0,5087,42,0
2,0,0,4,1,1,0,2863,27,1
2,0,0,7,6,2,3,5561,35,0
0,2,0,6,5,1,3,2144,28,0
0,2,1,6,4,1,2,3065,31,0
0,0,0,8,5,1,4,2810,36,0
2,2,0,7,14,3,8,9888,34,0
2,2,0,7,9,3,7,8628,34,0
2,2,0,8,8,1,7,2867,26,0
2,0,0,2,6,2,3,5373,29,0
0,2,0,2,9,2,1,6667,32,0
2,0,0,6,10,2,8,5003,31,0
2,2,0,8,6,1,1,2367,28,1
2,2,0,5,20,1,0,2858,38,0
2,0,1,7,10,2,8,5204,35,0
2,2,0,7,7,2,7,4105,27,0
2,2,0,3,8,2,0,9679,32,0
2,0,1,7,10,2,7,5617,31,1
2,2,1,7,15,3,2,10448,53,1
2,0,0,6,9,2,3,2897,54,0
2,2,0,2,9,2,7,5968,33,0
2,0,0,2,10,3,9,7510,43,0
2,0,1,4,7,1,2,2991,38,0
2,0,1,1,35,5,9,19636,55,0
2,2,1,8,1,1,0,1129,31,0
2,2,0,7,21,4,8,13341,39,0
0,2,0,6,20,2,9,4332,42,0
0,0,0,0,13,3,7,11031,31,0
2,2,1,3,9,2,2,4440,54,0
2,2,0,2,4,2,3,4617,24,0
2,2,0,8,5,1,2,2647,23,0
2,0,0,8,10,2,9,6323,40,0
2,0,0,7,15,2,8,5677,40,0
2,0,0,4,6,1,0,2187,25,0
2,0,0,8,12,1,8,3748,30,0
2,2,1,8,7,1,2,3977,25,0
2,2,0,2,25,3,14,8633,47,0
0,2,0,8,1,1,1,2008,33,0
2,0,0,7,16,2,13,4440,38,0
2,0,0,5,3,1,2,3067,31,0
2,0,0,3,10,2,3,5321,38,0
2,2,1,6,9,2,3,5410,42,0
2,0,0,6,12,1,3,2782,41,0
0,0,0,0,14,3,8,11957,47,0
2,0,1,8,5,1,2,2660,35,0
2,2,0,6,4,1,2,3375,22,0
2,2,0,6,10,2,7,5098,35,0
2,0,1,2,10,2,7,4878,33,0
2,2,0,8,6,1,2,2837,32,0
2,0,0,8,8,1,0,2406,40,0
2,0,0,5,3,1,2,2269,32,0
2,2,0,6,18,2,7,4108,39,0
2,0,0,0,20,3,16,13206,38,0
2,0,0,7,14,3,10,10422,32,0
2,0,1,0,16,3,11,13744,37,0
2,2,1,7,6,2,3,4907,25,0
0,2,0,5,16,1,8,3482,52,0
2,2,1,6,6,1,3,2436,44,0
2,2,1,5,2,1,2,2380,21,0
0,2,0,1,21,5,0,19431,39,0
2,0,0,5,1,1,0,1790,23,1
2,0,0,7,10,3,7,7644,36,0
2,2,0,3,18,2,2,5131,36,0
0,2,0,2,13,2,12,6306,56,0
2,0,1,6,4,1,2,4787,29,1
2,0,0,1,24,5,6,18880,42,0
2,0,0,8,14,1,9,2339,56,1
2,0,0,3,21,4,7,13570,41,0
2,0,0,7,8,2,7,6712,34,0
0,2,0,7,15,2,12,5406,36,0
2,2,0,7,14,2,4,8938,41,0
2,2,0,6,4,1,2,2439,32,0
2,2,1,4,9,3,0,8837,35,0
2,0,0,7,10,2,7,5343,38,0
2,2,0,7,12,2,3,6728,50,1
2,0,0,7,8,2,3,6652,36,0
2,2,0,7,8,2,3,4850,45,0
2,2,0,6,8,1,2,2809,40,0
2,0,1,2,10,2,2,5689,35,0
2,0,0,6,20,1,3,2001,40,0
2,0,0,6,4,1,3,2977,35,0
2,0,1,8,10,2,3,4025,29,0
2,2,0,6,5,1,4,3785,29,0
2,2,1,7,20,3,2,10854,50,1
2,0,0,7,21,4,9,12031,39,0
0,2,0,3,10,2,4,9936,31,0
2,2,0,5,5,1,2,2966,26,0
2,0,0,8,17,2,2,2571,36,0
2,0,0,2,9,3,7,9991,39,0
2,0,1,3,6,2,2,6142,27,0
2,0,0,7,17,2,6,5390,49,0
2,0,0,8,6,2,3,4404,34,0
